title,content
What is Machine Learning?,Machine learning is a branch of artificial intelligence that enables computers to learn from data without being explicitly programmed.
Deep Learning Overview,Deep learning is a subset of machine learning that uses neural networks with many layers to model complex patterns in data.
Python Programming Language,Python is a high-level programming language known for readability and wide use in data science and web development.
Cloud Computing Basics,Cloud computing delivers computing services such as storage and servers over the internet instead of local machines.
What is Cybersecurity?,Cybersecurity refers to the practice of protecting systems networks and data from digital attacks.
UltraBook Pro 14 Laptop,This lightweight laptop features long battery life fast performance and a 14 inch display ideal for students and professionals.
Gaming Beast X9 Laptop,A high performance gaming laptop with powerful graphics card fast processor and advanced cooling system.
Noise Cancelling Headphones,Wireless headphones with active noise cancellation deep bass and 30 hours battery backup.
Smart Fitness Watch,A wearable fitness tracker that monitors heart rate sleep patterns and daily activity levels.
Portable Bluetooth Speaker,A compact speaker with strong bass waterproof design and long lasting battery.
What is Data Mining?,Data mining is the process of discovering patterns and knowledge from large amounts of data.
What is a Database?,A database is an organized collection of structured information stored electronically.
Artificial Intelligence Overview,Artificial intelligence is the simulation of human intelligence processes by machines.
Blockchain Technology,Blockchain is a distributed ledger technology that records transactions securely across multiple computers.
Internet of Things Explained,The Internet of Things connects everyday devices to the internet enabling them to send and receive data.
How to Improve Laptop Battery Life?,Reduce screen brightness close unused applications and enable power saving mode.
How to Secure Online Accounts?,Use strong passwords enable two factor authentication and avoid suspicious links.
How to Learn Programming?,Start with beginner friendly languages practice daily and build small projects.
How to Backup Data?,Use cloud storage external drives or automated backup software to protect important files.
How to Increase Internet Speed?,Restart your router limit background downloads and upgrade your internet plan if needed.
Budget Smartphone A1,An affordable smartphone with good camera decent battery life and smooth performance.
Professional DSLR Camera,A high resolution camera designed for professional photography and video recording.
Office Productivity Software Suite,A software package including word processor spreadsheet and presentation tools.
Wireless Gaming Mouse,A fast response gaming mouse with adjustable DPI customizable buttons and ergonomic design.
Ergonomic Office Chair,A comfortable office chair with lumbar support adjustable height and breathable material.